<?xml version="1.0" encoding="UTF-8"?>
<beans xmlns="http://www.springframework.org/schema/beans"
       xmlns:xsi="http://www.w3.org/2001/XMLSchema-instance" 
       xmlns:context="http://www.springframework.org/schema/context"
       xmlns:tx="http://www.springframework.org/schema/tx"
       xmlns:mvc="http://www.springframework.org/schema/mvc"
       xsi:schemaLocation="
                        http://www.springframework.org/schema/beans http://www.springframework.org/schema/beans/spring-beans-3.1.xsd
	   		http://www.springframework.org/schema/context http://www.springframework.org/schema/context/spring-context-3.1.xsd
                        http://www.springframework.org/schema/aop http://www.springframework.org/schema/aop/spring-aop-3.1.xsd
                        http://www.springframework.org/schema/tx http://www.springframework.org/schema/tx/spring-tx-3.1.xsd
			http://www.springframework.org/schema/mvc http://www.springframework.org/schema/mvc/spring-mvc-3.1.xsd">

    <!-- Configurer that replaces ${...} placeholders with values from properties files -->
    <!-- (in this case, mail and JDBC related properties) -->
    <bean id="propertyConfigurer" class="org.springframework.beans.factory.config.PropertyPlaceholderConfigurer">
        <property name="location" value="/WEB-INF/jdbc.properties"/>          
    </bean>

    <bean id="dataSource" class="org.springframework.jdbc.datasource.DriverManagerDataSource">          
        <property name="driverClassName" value="${jdbc.driverClassName}"/>
        <property name="url" value="${jdbc.url}"/>        
        <property name="username" value="${jdbc.username}"/>
        <property name="password" value="${jdbc.password}"/>
        
    </bean>
    
    <!-- Hibernate SessionFactory -->
    <bean id="sessionFactory" class="org.springframework.orm.hibernate4.LocalSessionFactoryBean">
        <property name="dataSource" ref="dataSource"/>
        <property name="packagesToScan" value="bo.gob.asfi.uif.swi.model"/>
        <property name="hibernateProperties">
            <props>
                <prop key="hibernate.dialect">${jdbc.dialect}</prop>                
                <!--<prop key="hibernate.default_schema">SYSTEM</prop>-->
                <prop key="hibernate.show_sql">true</prop>                
                <prop key="hibernate.hbm2ddl.auto">update</prop>
            </props>
        </property>
    </bean>

    <!-- Transaction manager for a single Hibernate SessionFactory -->
    <bean id="transactionManager" class="org.springframework.orm.hibernate4.HibernateTransactionManager">
        <property name="sessionFactory" ref="sessionFactory"/>
    </bean> 
    
    <tx:annotation-driven transaction-manager="transactionManager"/>
</beans>
