<?xml version="1.0" encoding="UTF-8"?>
<beans:beans xmlns="http://www.springframework.org/schema/security"
             xmlns:beans="http://www.springframework.org/schema/beans"
             xmlns:xsi="http://www.w3.org/2001/XMLSchema-instance" 
             xmlns:p="http://www.springframework.org/schema/p" 
             xmlns:util="http://www.springframework.org/schema/util"
             xsi:schemaLocation="http://www.springframework.org/schema/beans 
		http://www.springframework.org/schema/beans/spring-beans-3.1.xsd
		http://www.springframework.org/schema/security 
		http://www.springframework.org/schema/security/spring-security-3.1.xsd
		http://www.springframework.org/schema/util 
		http://www.springframework.org/schema/util/spring-util-3.1.xsd">
    
    <global-method-security pre-post-annotations="enabled" />
    
    <http pattern="/css/**" security="none" />
    <http pattern="/js/**" security="none" />        
    <http pattern="/img/**" security="none" />
    <http pattern="/resources/**" security="none" />
        
    <http auto-config="true" use-expressions="true" access-denied-page="/accessdenied">        
        <intercept-url pattern="/main" access="isAuthenticated()" />   
                     	
        <form-login
            login-page="/loginform" 
            authentication-failure-url="/login?error=true"    
            authentication-success-handler-ref="authSuccessHandler"                          
            default-target-url="/" 
        />			
        <logout 
            invalidate-session="true" 
            logout-success-url="/main" 
            logout-url="/logout"/>
    </http>
    
<!--    <bean id="authSuccessHandler" class="bo.gob.asfi.uif.swi.security.AuthenticationSuccessHandlerImpl"/>-->
                	
    <authentication-manager>
        <authentication-provider user-service-ref="customUserDetailsService">
            <password-encoder hash="md5"/>
        </authentication-provider>
    </authentication-manager>
</beans:beans>