<?xml version="1.0" encoding="UTF-8"?>
<menu>
    <items>
        <!-- Principal Usuario UIF ToolBar -->
        <menu>
            <xtype>tbbutton</xtype>
            <text>Seguridad</text> 
            <iconCls>security</iconCls> 
            <menu>
                <items>
                    <menu>    
                        <text>Gestion de Usuarios</text> 
                        <iconCls>icon</iconCls> 
                        <menu>
                            <items>                    
                                <menu>                    
                                    <text>Registro de Usuarios</text> 
                                    <iconCls>user</iconCls> 
                                    <module>
                                        <id>gu-001</id> 
                                        <title>Registro de Usuarios</title>
                                        <iconCls>user</iconCls> 
                                        <url>security/usermanager</url> 
                                    </module>
                                </menu>                                                      
                                <menu>                    
                                    <text>Asignacion de Servicios</text> 
                                    <iconCls>icon</iconCls> 
                                    <module>
                                        <id>gu-003</id> 
                                        <title>Asignacion de Servicios</title>
                                        <iconCls>icon</iconCls> 
                                        <url>asignacionservicios</url> 
                                    </module>
                                </menu>                                                                  
                            </items>
                        </menu>
                    </menu>                    
                    <menu>                    
                        <text>Bitácora de registro</text> 
                        <iconCls>entity-app</iconCls> 
                        <module>
                            <id>bu-001</id> 
                            <title>Bitácora de registro</title>
                            <iconCls>entity-app</iconCls> 
                            <url>busquedaporusuario</url> 
                        </module>
                    </menu>  
                    <menu>                    
                        <text>Salir</text> 
                        <iconCls>delete</iconCls> 
                        <module>
                            <id>gs-00443</id> 
                            <title>Salir</title>
                            <iconCls>delete</iconCls> 
                            <url>logout</url> 
                        </module>
                    </menu>                                      
                </items>
            </menu>
        </menu>
        <menu>
            <xtype>tbbutton</xtype>
            <text>Parametrizacion de Servicios</text> 
            <iconCls>module-app</iconCls> 
            <menu>
                <items>
                    <menu>    
                        <text>Gestion de Servicios</text> 
                        <iconCls>icon</iconCls> 
                        <menu>
                            <items>                    
                                <menu>                    
                                    <text>Registrar conexiones</text> 
                                    <iconCls>server</iconCls> 
                                    <module>
                                        <id>gs-001</id> 
                                        <title>Registrar conexiones</title>
                                        <iconCls>server</iconCls> 
                                        <url>administrarservicios</url> 
                                    </module>
                                </menu>                     
                                <menu>                    
                                    <text>Configurar parametros</text> 
                                    <iconCls>module-app</iconCls> 
                                    <module>
                                        <id>gs-002</id> 
                                        <title>Configurar parametros</title>
                                        <iconCls>module-app</iconCls> 
                                        <url>individual</url> 
                                    </module>
                                </menu> 
                                <menu>                    
                                    <text>Ver servicios</text> 
                                    <iconCls>operation</iconCls> 
                                    <module>
                                        <id>gs-003</id> 
                                        <title>Ver servicios</title>
                                        <iconCls>operation</iconCls> 
                                        <url>paneldeservicios</url> 
                                    </module>
                                </menu> 
                            </items>
                        </menu>
                    </menu>
                    <menu>    
                        <text>Compatibilización de Datos</text> 
                        <iconCls>icon</iconCls>                     
                        <menu>     
                            <items>               
                                <menu>                    
                                    <text>Configurar Reporte Preliminar de Investigación (RPI)</text> 
                                    <iconCls>icon</iconCls> 
                                    <module>
                                        <id>cd-001</id> 
                                        <title>Configurar Reporte Preliminar de Investigación (RPI)</title>
                                        <iconCls>icon</iconCls> 
                                        <url>rpi</url> 
                                    </module>
                                </menu>
                                <menu>                    
                                    <text>Ver Reporte Preliminar de Investigación (RPI)</text> 
                                    <iconCls>icon</iconCls> 
                                    <module>
                                        <id>cd-002</id> 
                                        <title>Ver Reporte Preliminar de Investigación (RPI)</title>
                                        <iconCls>icon</iconCls> 
                                        <url>rpiview</url> 
                                    </module>
                                </menu>
                            </items>                                              
                        </menu>                    
                    </menu>
                </items>
            </menu>
        </menu>
    </items>   
</menu>
